2021-09-06T08:37:01.585;2021-09-06T08:38:00.653;805668144;8615
2021-09-06T08:38:00.654;2021-09-06T08:38:02.454;177373847;8615
2021-09-06T08:38:02.455;2021-09-06T08:39:07.725;784424629;8615
2021-09-06T08:39:07.726;2021-09-06T08:39:46.785;943491172;8615
2021-09-06T08:39:46.786;2021-09-06T08:40:16.794;971090478;8615
2021-09-06T08:40:16.795;2021-09-06T08:40:18.786;784424629;8615
2021-09-06T08:40:18.787;2021-09-06T08:40:20.793;403562892;8615
2021-09-06T08:40:20.794;2021-09-06T08:40:37.833;784424629;8615
2021-09-06T08:40:37.834;2021-09-06T08:41:20.865;971090478;8615
2021-09-06T08:41:20.866;2021-09-06T08:41:22.845;784424629;8615
2021-09-06T08:41:22.846;2021-09-06T08:53:48.416;943491172;8615
2021-09-06T08:53:48.417;2021-09-06T08:53:57.348;784424629;8615
2021-09-06T08:53:57.349;2021-09-06T08:54:31.635;943491172;8615
2021-09-06T08:54:31.636;2021-09-06T08:54:36.276;784424629;8615
2021-09-06T08:54:36.277;2021-09-06T08:54:56.637;943491172;8615
2021-09-06T08:54:56.638;2021-09-06T08:55:10.656;403562892;8615
2021-09-06T08:55:10.657;2021-09-06T08:56:00.647;784424629;8615
2021-09-06T08:56:00.648;2021-09-06T08:57:25.657;943491172;8615
2021-09-06T08:57:25.658;2021-09-06T08:58:01.776;403562892;8615
2021-09-06T08:58:01.777;2021-09-06T08:59:16.937;943491172;8615
2021-09-06T08:59:16.938;2021-09-06T08:59:19.936;403562892;8615
2021-09-06T08:59:19.937;2021-09-06T08:59:21.938;784424629;8615
2021-09-06T08:59:21.939;2021-09-06T08:59:28.936;403562892;8615
2021-09-06T08:59:28.937;2021-09-06T09:00:30.099;943491172;8615
2021-09-06T09:00:30.100;2021-09-06T09:01:24.088;971090478;8615
2021-09-06T09:01:24.089;2021-09-06T09:01:49.075;214987587;8615
2021-09-06T09:01:49.076;2021-09-06T09:01:59.096;971090478;8615
2021-09-06T09:01:59.097;2021-09-06T09:02:12.028;214987587;8615
2021-09-06T09:02:12.029;2021-09-06T09:02:52.096;971090478;8615
2021-09-06T09:02:52.097;2021-09-06T09:03:33.108;943491172;8615
2021-09-06T09:03:33.109;2021-09-06T09:03:47.064;214987587;8615
2021-09-06T09:03:47.065;2021-09-06T09:03:55.056;971090478;8615
2021-09-06T09:03:55.057;2021-09-06T09:04:00.248;214987587;8615
2021-09-06T09:04:00.249;2021-09-06T09:04:11.108;971090478;8615
2021-09-06T09:04:11.109;2021-09-06T09:05:10.284;214987587;8615
2021-09-06T09:05:10.285;2021-09-06T09:05:36.292;971090478;8615
2021-09-06T09:05:36.293;2021-09-06T09:06:17.299;214987587;8615
2021-09-06T09:06:17.300;2021-09-06T09:08:21.409;943491172;8615
2021-09-06T09:08:21.410;2021-09-06T09:08:48.501;971090478;8615
2021-09-06T09:08:48.502;2021-09-06T09:09:14.479;214987587;8615
2021-09-06T09:09:14.480;2021-09-06T09:09:55.593;943491172;8615
2021-09-06T09:09:55.594;2021-09-06T09:10:09.579;403562892;8615
2021-09-06T09:10:09.580;2021-09-06T09:10:26.577;784424629;8615
2021-09-06T09:10:26.578;2021-09-06T09:11:01.588;943491172;8615
2021-09-06T09:11:01.589;2021-09-06T09:11:03.588;403562892;8615
2021-09-06T09:11:03.589;2021-09-06T09:13:20.812;943491172;8615
2021-09-06T09:13:20.813;2021-09-06T09:13:22.811;784424629;8615
2021-09-06T09:13:22.812;2021-09-06T09:13:24.599;403562892;8615
2021-09-06T09:13:24.600;2021-09-06T09:13:36.811;943491172;8615
2021-09-06T09:13:36.812;2021-09-06T09:13:41.819;784424629;8615
2021-09-06T09:13:41.820;2021-09-06T09:14:05.819;943491172;8615
2021-09-06T09:14:05.820;2021-09-06T09:14:24.819;971090478;8615
2021-09-06T09:14:24.820;2021-09-06T09:14:42.839;805668144;8615
2021-09-06T09:14:42.840;2021-09-06T09:14:43.839;662262905;8615
2021-09-06T09:14:43.840;2021-09-06T09:15:04.066;805668144;8615
2021-09-06T09:15:04.067;2021-09-06T09:15:05.678;662262905;8615
2021-09-06T09:15:05.679;2021-09-06T09:15:37.688;805668144;8615
2021-09-06T09:15:37.689;2021-09-06T09:15:38.831;779300422;8615
2021-09-06T09:15:38.832;2021-09-06T09:15:39.849;805668144;8615
2021-09-06T09:15:39.850;2021-09-06T09:15:41.831;662262905;8615
2021-09-06T09:15:41.832;2021-09-06T09:15:54.607;779300422;8615
2021-09-06T09:15:54.608;2021-09-06T09:16:37.839;784424629;8615
2021-09-06T09:16:37.840;2021-09-06T09:19:24.159;971090478;8615
2021-09-06T09:19:24.160;2021-09-06T09:19:57.179;214987587;8615
2021-09-06T09:19:57.180;2021-09-06T09:24:19.446;971090478;8615
2021-09-06T09:24:19.447;2021-09-06T09:25:09.406;943491172;8615
2021-09-06T09:25:09.407;2021-09-06T09:25:23.425;971090478;8615
2021-09-06T09:25:23.426;2021-09-06T09:25:29.442;214987587;8615
2021-09-06T09:25:29.443;2021-09-06T09:26:10.573;943491172;8615
2021-09-06T09:26:10.574;2021-09-06T09:26:21.426;214987587;8615
2021-09-06T09:26:21.427;2021-09-06T09:27:02.064;943491172;8615
2021-09-06T09:27:02.065;2021-09-06T09:27:07.628;214987587;8615
2021-09-06T09:27:07.629;2021-09-06T09:27:26.645;943491172;8615
2021-09-06T09:27:26.646;2021-09-06T09:27:27.648;679201767;8615
2021-09-06T09:27:27.649;2021-09-06T09:27:29.649;943491172;8615
2021-09-06T09:27:29.650;2021-09-06T09:28:11.067;679201767;8615
2021-09-06T09:28:11.068;2021-09-06T09:28:51.681;971090478;8615
2021-09-06T09:28:51.682;2021-09-06T09:30:51.775;943491172;8615
2021-09-06T09:30:51.776;2021-09-06T09:31:37.767;214987587;8615
2021-09-06T09:31:37.768;2021-09-06T09:32:32.965;971090478;8615
2021-09-06T09:32:32.966;2021-09-06T09:34:44.992;943491172;8615
2021-09-06T09:34:44.993;2021-09-06T09:34:48.724;784424629;8615
2021-09-06T09:34:48.725;2021-09-06T09:35:59.831;971090478;8615
2021-09-06T09:35:59.832;2021-09-06T09:37:02.094;943491172;8615
2021-09-06T09:37:02.095;2021-09-06T09:37:58.293;679201767;8615
2021-09-06T09:37:58.294;2021-09-06T09:45:52.663;943491172;8615
2021-09-06T09:45:52.664;2021-09-06T09:45:54.766;784424629;8615
2021-09-06T09:45:54.767;2021-09-06T09:50:39.007;943491172;8615
2021-09-06T09:50:39.008;2021-09-06T09:51:39.027;214987587;8615
2021-09-06T09:51:39.028;2021-09-06T09:52:21.094;943491172;8615
2021-09-06T09:52:21.095;2021-09-06T09:52:24.967;214987587;8615
2021-09-06T09:52:24.968;2021-09-06T09:53:04.059;943491172;8615
2021-09-06T09:53:04.060;2021-09-06T09:53:38.211;214987587;8615
2021-09-06T09:53:38.212;2021-09-06T09:53:41.003;971090478;8615
2021-09-06T09:53:41.004;2021-09-06T09:53:43.219;214987587;8615
2021-09-06T09:53:43.220;2021-09-06T09:55:14.012;971090478;8615
2021-09-06T09:55:14.013;2021-09-06T09:55:48.268;214987587;8615
2021-09-06T09:55:48.269;2021-09-06T09:56:42.251;971090478;8615
2021-09-06T09:56:42.252;2021-09-06T09:56:53.271;214987587;8615
2021-09-06T09:56:53.272;2021-09-06T10:03:02.082;971090478;8615
2021-09-06T10:03:02.083;2021-09-06T10:03:20.828;943491172;8615
2021-09-06T10:03:20.829;2021-09-06T10:03:25.846;784424629;8615
2021-09-06T10:03:25.847;2021-09-06T10:03:39.839;971090478;8615
2021-09-06T10:03:39.840;2021-09-06T10:03:45.878;784424629;8615
2021-09-06T10:03:45.879;2021-09-06T10:03:48.872;943491172;8615
2021-09-06T10:03:48.873;2021-09-06T10:03:50.788;971090478;8615
2021-09-06T10:03:50.789;2021-09-06T10:03:52.887;214987587;8615
2021-09-06T10:03:52.888;2021-09-06T10:06:29.073;779300422;8615
2021-09-06T10:06:29.074;2021-09-06T10:06:33.074;662262905;8615
2021-09-06T10:06:33.075;2021-09-06T10:06:38.081;805668144;8615
2021-09-06T10:06:38.082;2021-09-06T10:12:24.281;662262905;8615
2021-09-06T10:12:24.282;2021-09-06T10:12:58.367;784424629;8615
2021-09-06T10:12:58.368;2021-09-06T10:13:31.255;971090478;8615
2021-09-06T10:13:31.256;2021-09-06T10:15:52.565;985368277;8615
2021-09-06T10:15:52.566;2021-09-06T10:16:06.585;971090478;8615
2021-09-06T10:16:06.586;2021-09-06T10:16:07.594;985368277;8615
2021-09-06T10:16:07.595;2021-09-06T10:16:12.593;971090478;8615
2021-09-06T10:16:12.594;2021-09-06T10:16:14.586;985368277;8615
2021-09-06T10:16:14.587;2021-09-06T10:16:15.587;784424629;8615
2021-09-06T10:16:15.588;2021-09-06T10:16:17.586;985368277;8615
2021-09-06T10:16:17.587;2021-09-06T10:16:33.409;971090478;8615
2021-09-06T10:16:33.410;2021-09-06T10:16:38.064;784424629;8615
2021-09-06T10:16:38.065;2021-09-06T10:17:10.593;971090478;8615
2021-09-06T10:17:10.594;2021-09-06T10:17:20.602;214987587;8615
2021-09-06T10:17:20.603;2021-09-06T10:18:09.615;985368277;8615
2021-09-06T10:18:09.616;2021-09-06T10:18:14.661;214987587;8615
2021-09-06T10:18:14.662;2021-09-06T10:18:16.631;971090478;8615
2021-09-06T10:18:16.632;2021-09-06T10:19:01.451;985368277;8615
2021-09-06T10:19:01.452;2021-09-06T10:19:38.616;214987587;8615
2021-09-06T10:19:38.617;2021-09-06T10:19:43.828;943491172;8615
2021-09-06T10:19:43.829;2021-09-06T10:21:31.721;214987587;8615
2021-09-06T10:21:31.722;2021-09-06T10:26:23.168;779300422;8615
2021-09-06T10:26:23.169;2021-09-06T10:41:37.233;662262905;8615
2021-09-06T10:41:37.234;2021-09-06T10:41:38.233;634309799;8615
2021-09-06T10:41:38.234;2021-09-06T10:41:41.249;784424629;8615
2021-09-06T10:41:41.250;2021-09-06T10:41:56.026;985368277;8615
2021-09-06T10:41:56.027;2021-09-06T10:48:31.683;214987587;8615
2021-09-06T10:48:31.684;2021-09-06T10:48:47.698;971090478;8615
2021-09-06T10:48:47.699;2021-09-06T10:48:49.069;784424629;8615
2021-09-06T10:48:49.070;2021-09-06T10:49:34.677;943491172;8615
2021-09-06T10:49:34.678;2021-09-06T10:50:21.711;679201767;8615
2021-09-06T10:50:21.712;2021-09-06T10:50:39.807;324325694;8615
2021-09-06T10:50:39.808;2021-09-06T10:50:51.712;634309799;8615
2021-09-06T10:50:51.713;2021-09-06T10:50:57.727;324325694;8615
2021-09-06T10:50:57.728;2021-09-06T10:51:05.827;634309799;8615
2021-09-06T10:51:05.828;2021-09-06T10:51:17.827;324325694;8615
2021-09-06T10:51:17.828;2021-09-06T10:51:55.841;805668144;8615
2021-09-06T10:51:55.842;2021-09-06T10:52:22.841;324325694;8615
2021-09-06T10:52:22.842;2021-09-06T10:52:24.747;634309799;8615
2021-09-06T10:52:24.748;2021-09-06T10:52:27.757;324325694;8615
2021-09-06T10:52:27.758;2021-09-06T10:52:30.747;634309799;8615
2021-09-06T10:52:30.748;2021-09-06T10:52:38.735;324325694;8615
2021-09-06T10:52:38.736;2021-09-06T10:52:53.874;634309799;8615
2021-09-06T10:52:53.875;2021-09-06T10:53:24.765;324325694;8615
2021-09-06T10:53:24.766;2021-09-06T10:53:42.879;805668144;8615
2021-09-06T10:53:42.880;2021-09-06T10:54:49.914;679201767;8615
2021-09-06T10:54:49.915;2021-09-06T10:54:52.035;662262905;8615
2021-09-06T10:54:52.036;2021-09-06T10:54:55.021;805668144;8615
2021-09-06T10:54:55.022;2021-09-06T10:54:56.033;662262905;8615
2021-09-06T10:54:56.034;2021-09-06T10:54:58.041;805668144;8615
2021-09-06T10:54:58.042;2021-09-06T10:55:00.044;662262905;8615
2021-09-06T10:55:00.045;2021-09-06T10:55:02.042;805668144;8615
2021-09-06T10:55:02.043;2021-09-06T10:58:16.013;679201767;8615
2021-09-06T10:58:16.014;2021-09-06T10:58:18.136;324325694;8615
2021-09-06T10:58:18.137;2021-09-06T10:58:28.134;805668144;8615
2021-09-06T10:58:28.135;2021-09-06T10:58:31.138;324325694;8615
2021-09-06T10:58:31.139;2021-09-06T10:58:55.165;805668144;8615
2021-09-06T10:58:55.166;2021-09-06T10:58:57.141;324325694;8615
2021-09-06T10:58:57.142;2021-09-06T10:59:05.139;634309799;8615
2021-09-06T10:59:05.140;2021-09-06T10:59:08.193;324325694;8615
2021-09-06T10:59:08.194;2021-09-06T10:59:10.156;634309799;8615
2021-09-06T10:59:10.157;2021-09-06T10:59:18.193;324325694;8615
2021-09-06T10:59:18.194;2021-09-06T10:59:22.193;634309799;8615
2021-09-06T10:59:22.194;2021-09-06T10:59:31.185;324325694;8615
2021-09-06T10:59:31.186;2021-09-06T10:59:33.158;634309799;8615
2021-09-06T10:59:33.159;2021-09-06T11:00:05.221;324325694;8615
2021-09-06T11:00:05.222;2021-09-06T11:00:09.194;634309799;8615
2021-09-06T11:00:09.195;2021-09-06T11:00:15.023;324325694;8615
2021-09-06T11:00:15.024;2021-09-06T11:00:21.214;634309799;8615
2021-09-06T11:00:21.215;2021-09-06T11:00:28.169;324325694;8615
2021-09-06T11:00:28.170;2021-09-06T11:00:31.193;634309799;8615
2021-09-06T11:00:31.194;2021-09-06T11:00:33.213;324325694;8615
2021-09-06T11:00:33.214;2021-09-06T11:02:54.021;634309799;8615
2021-09-06T11:02:54.022;2021-09-06T11:02:56.216;403562892;8615
2021-09-06T11:02:56.217;2021-09-06T11:04:06.262;943491172;8615
2021-09-06T11:04:06.263;2021-09-06T11:04:19.247;214987587;8615
2021-09-06T11:04:19.248;2021-09-06T11:05:09.276;943491172;8615
2021-09-06T11:05:09.277;2021-09-06T11:06:13.261;784424629;8615
2021-09-06T11:06:13.262;2021-09-06T11:06:24.295;403562892;8615
2021-09-06T11:06:24.296;2021-09-06T11:07:46.511;784424629;8615
2021-09-06T11:07:46.512;2021-09-06T11:07:52.523;403562892;8615
2021-09-06T11:07:52.524;2021-09-06T11:09:24.542;784424629;8615
2021-09-06T11:09:24.543;2021-09-06T11:09:32.551;403562892;8615
2021-09-06T11:09:32.552;2021-09-06T11:09:37.551;784424629;8615
2021-09-06T11:09:37.552;2021-09-06T11:09:41.297;403562892;8615
2021-09-06T11:09:41.298;2021-09-06T11:11:53.652;784424629;8615
2021-09-06T11:11:53.653;2021-09-06T11:11:56.679;403562892;8615
2021-09-06T11:11:56.680;2021-09-06T11:12:09.671;784424629;8615
2021-09-06T11:12:09.672;2021-09-06T11:12:13.671;403562892;8615
2021-09-06T11:12:13.672;2021-09-06T11:12:34.691;784424629;8615
2021-09-06T11:12:34.692;2021-09-06T11:12:37.068;403562892;8615
2021-09-06T11:12:37.069;2021-09-06T11:13:54.691;784424629;8615
2021-09-06T11:13:54.692;2021-09-06T11:14:11.691;214987587;8615
2021-09-06T11:14:11.692;2021-09-06T11:15:42.714;985368277;8615
2021-09-06T11:15:42.715;2021-09-06T11:16:07.727;971090478;8615
2021-09-06T11:16:07.728;2021-09-06T11:17:07.877;985368277;8615
2021-09-06T11:17:07.878;2021-09-06T11:18:08.455;784424629;8615
2021-09-06T11:18:08.456;2021-09-06T11:20:44.931;943491172;8615
2021-09-06T11:20:44.932;2021-09-06T11:21:21.827;679201767;8615
2021-09-06T11:21:21.828;2021-09-06T11:26:31.321;779300422;8615
2021-09-06T11:26:31.322;2021-09-06T11:28:35.353;784424629;8615
2021-09-06T11:28:35.354;2021-09-06T11:28:49.345;985368277;8615
2021-09-06T11:28:49.346;2021-09-06T11:31:10.405;784424629;8615
2021-09-06T11:31:10.406;2021-09-06T11:31:11.614;985368277;8615
2021-09-06T11:31:11.615;2021-09-06T11:31:13.348;784424629;8615
2021-09-06T11:31:13.349;2021-09-06T11:31:33.065;985368277;8615
2021-09-06T11:31:33.066;2021-09-06T11:37:29.829;784424629;8615
2021-09-06T11:37:29.830;2021-09-06T11:37:32.805;985368277;8615
2021-09-06T11:37:32.806;2021-09-06T11:37:35.734;784424629;8615
2021-09-06T11:37:35.735;2021-09-06T11:37:53.825;971090478;8615
2021-09-06T11:37:53.826;2021-09-06T11:41:06.124;784424629;8615
2021-09-06T11:41:06.125;2021-09-06T11:41:24.197;985368277;8615
2021-09-06T11:41:24.198;2021-09-06T11:48:26.345;784424629;8615
2021-09-06T11:48:26.346;2021-09-06T11:48:27.351;985368277;8615
2021-09-06T11:48:27.352;2021-09-06T11:58:38.958;784424629;8615
2021-09-06T11:58:38.959;2021-09-06T11:58:39.097;177373847;8615
2021-09-06T11:58:39.098;2021-09-06T11:58:42.971;324325694;8615
2021-09-06T11:58:42.972;2021-09-06T11:58:44.971;805668144;8615
2021-09-06T11:58:44.972;2021-09-06T11:58:46.951;324325694;8615
2021-09-06T11:58:46.952;2021-09-06T11:58:47.981;634309799;8615
2021-09-06T11:58:47.982;2021-09-06T11:58:49.961;324325694;8615
2021-09-06T11:58:49.962;2021-09-06T11:58:53.888;177373847;8615
2021-09-06T11:58:53.889;2021-09-06T11:58:54.091;784424629;8615
2021-09-06T11:58:54.092;2021-09-06T11:58:56.913;177373847;8615
2021-09-06T11:58:56.914;2021-09-06T11:58:57.093;324325694;8615
2021-09-06T11:58:57.094;2021-09-06T11:59:14.912;805668144;8615
2021-09-06T11:59:14.913;2021-09-06T11:59:15.922;324325694;8615
2021-09-06T11:59:15.923;2021-09-06T12:00:38.989;784424629;8615
2021-09-06T12:00:38.990;2021-09-06T12:00:58.991;679201767;8615
2021-09-06T12:00:58.992;2021-09-06T12:01:04.011;324325694;8615
2021-09-06T12:01:04.012;2021-09-06T12:01:45.002;679201767;8615
2021-09-06T12:01:45.003;2021-09-06T12:01:51.002;634309799;8615
2021-09-06T12:01:51.003;2021-09-06T12:01:52.011;324325694;8615
2021-09-06T12:01:52.012;2021-09-06T12:01:54.001;634309799;8615
2021-09-06T12:01:54.002;2021-09-06T12:02:01.001;324325694;8615
2021-09-06T12:02:01.002;2021-09-06T12:02:04.002;634309799;8615
2021-09-06T12:02:04.003;2021-09-06T12:02:07.001;324325694;8615
2021-09-06T12:02:07.002;2021-09-06T12:02:09.008;634309799;8615
2021-09-06T12:02:09.009;2021-09-06T12:02:15.001;324325694;8615
2021-09-06T12:02:15.002;2021-09-06T12:02:18.029;634309799;8615
2021-09-06T12:02:18.030;2021-09-06T12:02:20.003;324325694;8615
2021-09-06T12:02:20.004;2021-09-06T12:02:28.005;634309799;8615
2021-09-06T12:02:28.006;2021-09-06T12:02:41.095;324325694;8615
2021-09-06T12:02:41.096;2021-09-06T12:02:43.022;634309799;8615
2021-09-06T12:02:43.023;2021-09-06T12:03:24.142;784424629;8615
2021-09-06T12:03:24.143;2021-09-06T12:03:25.143;634309799;8615
2021-09-06T12:03:25.144;2021-09-06T12:03:34.149;805668144;8615
2021-09-06T12:03:34.150;2021-09-06T12:04:29.005;324325694;8615
2021-09-06T12:04:29.006;2021-09-06T12:05:32.242;805668144;8615
2021-09-06T12:05:32.243;2021-09-06T12:05:35.254;324325694;8615
2021-09-06T12:05:35.255;2021-09-06T12:05:54.262;634309799;8615
2021-09-06T12:05:54.263;2021-09-06T12:05:56.262;324325694;8615
2021-09-06T12:05:56.263;2021-09-06T12:06:06.215;634309799;8615
2021-09-06T12:06:06.216;2021-09-06T12:06:07.259;324325694;8615
2021-09-06T12:06:07.260;2021-09-06T12:06:10.266;634309799;8615
2021-09-06T12:06:10.267;2021-09-06T12:06:16.262;324325694;8615
2021-09-06T12:06:16.263;2021-09-06T12:06:17.262;634309799;8615
2021-09-06T12:06:17.263;2021-09-06T12:06:33.261;324325694;8615
2021-09-06T12:06:33.262;2021-09-06T12:06:47.269;985368277;8615
2021-09-06T12:06:47.270;2021-09-06T12:08:42.354;214987587;8615
2021-09-06T12:08:42.355;2021-09-06T12:08:44.169;784424629;8615
2021-09-06T12:08:44.170;2021-09-06T12:20:09.748;779300422;8615
2021-09-06T12:20:09.749;2021-09-06T12:20:11.821;177373847;8615
2021-09-06T12:20:11.822;2021-09-06T12:20:12.821;784424629;8615
2021-09-06T12:20:12.822;2021-09-06T12:20:44.826;971090478;8615
2021-09-06T12:20:44.827;2021-09-06T12:20:46.838;214987587;8615
2021-09-06T12:20:46.839;2021-09-06T12:20:48.833;971090478;8615
2021-09-06T12:20:48.834;2021-09-06T12:20:50.842;214987587;8615
2021-09-06T12:20:50.843;2021-09-06T12:20:52.827;971090478;8615
2021-09-06T12:20:52.828;2021-09-06T12:20:56.845;214987587;8615
2021-09-06T12:20:56.846;2021-09-06T12:20:58.354;971090478;8615
2021-09-06T12:20:58.355;2021-09-06T12:21:10.863;214987587;8615
2021-09-06T12:21:10.864;2021-09-06T12:21:12.859;971090478;8615
2021-09-06T12:21:12.860;2021-09-06T12:21:14.778;214987587;8615
2021-09-06T12:21:14.779;2021-09-06T12:24:02.868;971090478;8615
2021-09-06T12:24:02.869;2021-09-06T12:24:03.878;985368277;8615
2021-09-06T12:24:03.879;2021-09-06T12:24:09.938;971090478;8615
2021-09-06T12:24:09.939;2021-09-06T12:24:11.886;985368277;8615
2021-09-06T12:24:11.887;2021-09-06T12:24:13.947;971090478;8615
2021-09-06T12:24:13.948;2021-09-06T12:25:19.919;985368277;8615
2021-09-06T12:25:19.920;2021-09-06T12:32:09.339;971090478;8615
2021-09-06T12:32:09.340;2021-09-06T12:32:31.001;214987587;8615
2021-09-06T12:32:31.002;2021-09-06T12:33:38.365;971090478;8615
2021-09-06T12:33:38.366;2021-09-06T12:33:48.397;214987587;8615
2021-09-06T12:33:48.398;2021-09-06T12:34:39.506;971090478;8615
2021-09-06T12:34:39.507;2021-09-06T12:35:20.534;943491172;8615
2021-09-06T12:35:20.535;2021-09-06T12:37:31.568;971090478;8615
2021-09-06T12:37:31.569;2021-09-06T12:37:59.566;214987587;8615
2021-09-06T12:37:59.567;2021-09-06T12:38:13.671;985368277;8615
2021-09-06T12:38:13.672;2021-09-06T12:38:17.567;214987587;8615
2021-09-06T12:38:17.568;2021-09-06T12:38:20.659;985368277;8615
2021-09-06T12:38:20.660;2021-09-06T12:38:37.673;214987587;8615
2021-09-06T12:38:37.674;2021-09-06T12:38:57.743;971090478;8615
2021-09-06T12:38:57.744;2021-09-06T12:43:45.051;943491172;8615
2021-09-06T12:43:45.052;2021-09-06T12:44:50.013;784424629;8615
2021-09-06T12:44:50.014;2021-09-06T12:46:29.231;985368277;8615
2021-09-06T12:46:29.232;2021-09-06T12:46:31.211;784424629;8615
2021-09-06T12:46:31.212;2021-09-06T12:46:32.224;985368277;8615
2021-09-06T12:46:32.225;2021-09-06T12:49:09.289;784424629;8615
2021-09-06T12:49:09.290;2021-09-06T12:49:33.314;403562892;8615
2021-09-06T12:49:33.315;2021-09-06T12:50:14.042;784424629;8615
2021-09-06T12:50:14.043;2021-09-06T12:50:16.135;177373847;8615
2021-09-06T12:50:16.136;2021-09-06T12:51:35.044;324325694;8615
2021-09-06T12:51:35.045;2021-09-06T12:52:12.044;679201767;8615
2021-09-06T12:52:12.045;2021-09-06T12:52:21.448;634309799;8615
2021-09-06T12:52:21.449;2021-09-06T12:52:25.448;324325694;8615
2021-09-06T12:52:25.449;2021-09-06T12:52:26.006;634309799;8615
2021-09-06T12:52:26.007;2021-09-06T12:52:31.328;324325694;8615
2021-09-06T12:52:31.329;2021-09-06T12:52:33.006;634309799;8615
2021-09-06T12:52:33.007;2021-09-06T12:53:10.448;324325694;8615
2021-09-06T12:53:10.449;2021-09-06T12:53:12.339;634309799;8615
2021-09-06T12:53:12.340;2021-09-06T12:53:47.619;943491172;8615
2021-09-06T12:53:47.620;2021-09-06T13:01:05.926;779300422;8615
2021-09-06T13:01:05.927;2021-09-06T13:01:21.626;324325694;8615
2021-09-06T13:01:21.627;2021-09-06T13:02:04.014;654063743;8615
2021-09-06T13:02:04.015;2021-09-06T13:04:35.086;779300422;8615
2021-09-06T13:04:35.087;2021-09-06T13:04:40.093;177373847;8615
2021-09-06T13:04:40.094;2021-09-06T13:04:42.009;779300422;8615
2021-09-06T13:04:42.010;2021-09-06T13:09:13.257;784424629;8615
2021-09-06T13:09:13.258;2021-09-06T13:09:16.229;985368277;8615
2021-09-06T13:09:16.230;2021-09-06T13:12:49.426;784424629;8615
2021-09-06T13:12:49.427;2021-09-06T13:12:51.416;985368277;8615
2021-09-06T13:12:51.417;2021-09-06T13:16:08.498;214987587;8615
2021-09-06T13:16:08.499;2021-09-06T13:16:25.498;985368277;8615
2021-09-06T13:16:25.499;2021-09-06T13:16:31.515;214987587;8615
2021-09-06T13:16:31.516;2021-09-06T13:16:36.507;985368277;8615
2021-09-06T13:16:36.508;2021-09-06T13:17:52.048;214987587;8615
2021-09-06T13:17:52.049;2021-09-06T13:18:02.491;971090478;8615
2021-09-06T13:18:02.492;2021-09-06T13:18:32.523;784424629;8615
2021-09-06T13:18:32.524;2021-09-06T13:18:42.651;985368277;8615
2021-09-06T13:18:42.652;2021-09-06T13:19:49.666;784424629;8615
2021-09-06T13:19:49.667;2021-09-06T13:19:56.685;403562892;8615
2021-09-06T13:19:56.686;2021-09-06T13:21:15.706;784424629;8615
2021-09-06T13:21:15.707;2021-09-06T13:21:17.701;403562892;8615
2021-09-06T13:21:17.702;2021-09-06T13:21:49.007;784424629;8615
2021-09-06T13:21:49.008;2021-09-06T13:22:30.721;943491172;8615
2021-09-06T13:22:30.722;2021-09-06T13:24:44.074;784424629;8615
2021-09-06T13:24:44.075;2021-09-06T13:24:47.754;943491172;8615
2021-09-06T13:24:47.755;2021-09-06T13:26:01.733;784424629;8615
2021-09-06T13:26:01.734;2021-09-06T13:27:09.758;943491172;8615
2021-09-06T13:27:09.759;2021-09-06T13:28:53.126;784424629;8615
2021-09-06T13:28:53.127;2021-09-06T13:30:13.241;177373847;8615
2021-09-06T13:30:13.242;2021-09-06T13:30:14.088;784424629;8615
2021-09-06T13:30:14.089;2021-09-06T13:30:16.221;177373847;8615
2021-09-06T13:30:16.222;2021-09-06T13:31:00.261;784424629;8615
2021-09-06T13:31:00.262;2021-09-06T13:31:02.269;177373847;8615
2021-09-06T13:31:02.270;2021-09-06T13:31:36.323;784424629;8615
2021-09-06T13:31:36.324;2021-09-06T13:31:49.255;177373847;8615
2021-09-06T13:31:49.256;2021-09-06T13:31:56.322;784424629;8615
2021-09-06T13:31:56.323;2021-09-06T13:31:58.335;985368277;8615
2021-09-06T13:31:58.336;2021-09-06T13:33:01.376;784424629;8615
2021-09-06T13:33:01.377;2021-09-06T13:33:02.379;177373847;8615
2021-09-06T13:33:02.380;2021-09-06T13:33:05.407;403562892;8615
2021-09-06T13:33:05.408;2021-09-06T13:33:08.427;784424629;8615
2021-09-06T13:33:08.428;2021-09-06T13:33:09.428;985368277;8615
2021-09-06T13:33:09.429;2021-09-06T13:33:16.436;784424629;8615
2021-09-06T13:33:16.437;2021-09-06T13:33:42.428;985368277;8615
2021-09-06T13:33:42.429;2021-09-06T13:41:45.987;971090478;8615
2021-09-06T13:41:45.988;2021-09-06T13:41:52.001;214987587;8615
2021-09-06T13:41:52.002;2021-09-06T13:41:57.984;985368277;8615
2021-09-06T13:41:57.985;2021-09-06T13:42:06.005;214987587;8615
2021-09-06T13:42:06.006;2021-09-06T13:44:15.094;971090478;8615
2021-09-06T13:44:15.095;2021-09-06T13:44:55.094;214987587;8615
2021-09-06T13:44:55.095;2021-09-06T13:47:39.348;971090478;8615
2021-09-06T13:47:39.349;2021-09-06T13:49:45.004;784424629;8615
2021-09-06T13:49:45.005;2021-09-06T13:49:52.462;403562892;8615
2021-09-06T13:49:52.463;2021-09-06T13:49:54.403;784424629;8615
2021-09-06T13:49:54.404;2021-09-06T13:50:01.463;403562892;8615
2021-09-06T13:50:01.464;2021-09-06T13:50:35.563;784424629;8615
2021-09-06T13:50:35.564;2021-09-06T13:50:37.563;403562892;8615
2021-09-06T13:50:37.564;2021-09-06T13:54:05.768;662262905;8615
2021-09-06T13:54:05.769;2021-09-06T13:59:53.131;779300422;8615
2021-09-06T13:59:53.132;2021-09-06T13:59:54.131;634309799;8615
2021-09-06T13:59:54.132;2021-09-06T14:03:44.228;784424629;8615
2021-09-06T14:03:44.229;2021-09-06T14:03:52.319;943491172;8615
2021-09-06T14:03:52.320;2021-09-06T14:04:30.311;784424629;8615
2021-09-06T14:04:30.312;2021-09-06T14:04:39.232;985368277;8615
2021-09-06T14:04:39.233;2021-09-06T14:04:40.232;784424629;8615
2021-09-06T14:04:40.233;2021-09-06T14:05:08.359;985368277;8615
2021-09-06T14:05:08.360;2021-09-06T14:05:55.355;784424629;8615
2021-09-06T14:05:55.356;2021-09-06T14:06:25.343;985368277;8615
2021-09-06T14:06:25.344;2021-09-06T14:06:29.303;971090478;8615
2021-09-06T14:06:29.304;2021-09-06T14:06:33.025;784424629;8615
2021-09-06T14:06:33.026;2021-09-06T14:06:35.272;403562892;8615
2021-09-06T14:06:35.273;2021-09-06T14:06:36.342;784424629;8615
2021-09-06T14:06:36.343;2021-09-06T14:06:46.035;403562892;8615
2021-09-06T14:06:46.036;2021-09-06T14:06:51.027;177373847;8615
2021-09-06T14:06:51.028;2021-09-06T14:08:27.602;784424629;8615
2021-09-06T14:08:27.603;2021-09-06T14:08:46.266;177373847;8615
2021-09-06T14:08:46.267;2021-09-06T14:08:56.606;403562892;8615
2021-09-06T14:08:56.607;2021-09-06T14:08:58.266;634309799;8615
2021-09-06T14:08:58.267;2021-09-06T14:09:37.046;177373847;8615
2021-09-06T14:09:37.047;2021-09-06T14:09:38.386;403562892;8615
2021-09-06T14:09:38.387;2021-09-06T14:11:33.726;784424629;8615
2021-09-06T14:11:33.727;2021-09-06T14:14:00.746;177373847;8615
2021-09-06T14:14:00.747;2021-09-06T14:15:52.885;784424629;8615
2021-09-06T14:15:52.886;2021-09-06T14:16:05.766;177373847;8615
2021-09-06T14:16:05.767;2021-09-06T14:17:38.666;784424629;8615
2021-09-06T14:17:38.667;2021-09-06T14:17:49.906;177373847;8615
2021-09-06T14:17:49.907;2021-09-06T14:18:31.927;784424629;8615
2021-09-06T14:18:31.928;2021-09-06T14:18:59.005;177373847;8615
2021-09-06T14:18:59.006;2021-09-06T14:23:49.129;784424629;8615
2021-09-06T14:23:49.130;2021-09-06T14:23:52.186;985368277;8615
2021-09-06T14:23:52.187;2021-09-06T14:23:57.189;784424629;8615
2021-09-06T14:23:57.190;2021-09-06T14:24:04.019;985368277;8615
2021-09-06T14:24:04.020;2021-09-06T14:41:03.768;784424629;8615
2021-09-06T14:41:03.769;2021-09-06T14:41:05.629;985368277;8615
2021-09-06T14:41:05.630;2021-09-06T14:44:19.921;784424629;8615
2021-09-06T14:44:19.922;2021-09-06T14:44:21.093;985368277;8615
2021-09-06T14:44:21.094;2021-09-06T14:47:31.152;784424629;8615
2021-09-06T14:47:31.153;2021-09-06T14:47:33.145;177373847;8615
2021-09-06T14:47:33.146;2021-09-06T14:47:39.146;784424629;8615
2021-09-06T14:47:39.147;2021-09-06T14:47:59.169;985368277;8615
2021-09-06T14:47:59.170;2021-09-06T14:48:01.162;784424629;8615
2021-09-06T14:48:01.163;2021-09-06T14:48:19.158;177373847;8615
2021-09-06T14:48:19.159;2021-09-06T14:48:25.164;784424629;8615
2021-09-06T14:48:25.165;2021-09-06T14:48:33.209;177373847;8615
2021-09-06T14:48:33.210;2021-09-06T14:49:33.205;779300422;8615
2021-09-06T14:49:33.206;2021-09-06T14:49:38.273;662262905;8615
2021-09-06T14:49:38.274;2021-09-06T14:53:49.538;779300422;8615
2021-09-06T14:53:49.539;2021-09-06T14:57:08.677;784424629;8615
2021-09-06T14:57:08.678;2021-09-06T14:57:22.718;943491172;8615
2021-09-06T14:57:22.719;2021-09-06T14:57:30.712;784424629;8615
2021-09-06T14:57:30.713;2021-09-06T14:57:33.664;943491172;8615
2021-09-06T14:57:33.665;2021-09-06T14:57:34.713;784424629;8615
2021-09-06T14:57:34.714;2021-09-06T14:57:36.665;943491172;8615
2021-09-06T14:57:36.666;2021-09-06T14:58:01.712;784424629;8615
2021-09-06T14:58:01.713;2021-09-06T14:58:16.733;943491172;8615
2021-09-06T14:58:16.734;2021-09-06T14:58:54.765;784424629;8615
2021-09-06T14:58:54.766;2021-09-06T14:59:03.773;943491172;8615
2021-09-06T14:59:03.774;2021-09-06T14:59:05.765;784424629;8615
2021-09-06T14:59:05.766;2021-09-06T15:03:17.889;943491172;8615
2021-09-06T15:03:17.890;2021-09-06T15:09:14.157;784424629;8615
2021-09-06T15:09:14.158;2021-09-06T15:09:19.015;985368277;8615
2021-09-06T15:09:19.016;2021-09-06T15:09:37.194;214987587;8615
2021-09-06T15:09:37.195;2021-09-06T15:10:18.156;784424629;8615
2021-09-06T15:10:18.157;2021-09-06T15:10:19.162;985368277;8615
2021-09-06T15:10:19.163;2021-09-06T15:11:15.159;214987587;8615
2021-09-06T15:11:15.160;2021-09-06T15:11:24.204;971090478;8615
2021-09-06T15:11:24.205;2021-09-06T15:11:57.165;214987587;8615
2021-09-06T15:11:57.166;2021-09-06T15:15:20.197;784424629;8615
2021-09-06T15:15:20.198;2021-09-06T15:15:22.198;985368277;8615
2021-09-06T15:15:22.199;2021-09-06T15:15:23.248;784424629;8615
2021-09-06T15:15:23.249;2021-09-06T15:15:25.189;985368277;8615
2021-09-06T15:15:25.190;2021-09-06T15:15:28.189;784424629;8615
2021-09-06T15:15:28.190;2021-09-06T15:15:58.049;985368277;8615
2021-09-06T15:15:58.050;2021-09-06T15:17:25.487;784424629;8615
2021-09-06T15:17:25.488;2021-09-06T15:18:17.038;971090478;8615
2021-09-06T15:18:17.039;2021-09-06T15:18:43.526;214987587;8615
2021-09-06T15:18:43.527;2021-09-06T15:20:56.599;985368277;8615
2021-09-06T15:20:56.600;2021-09-06T15:20:59.219;214987587;8615
2021-09-06T15:20:59.220;2021-09-06T15:21:19.599;985368277;8615
2021-09-06T15:21:19.600;2021-09-06T15:21:45.699;214987587;8615
2021-09-06T15:21:45.700;2021-09-06T15:21:48.698;971090478;8615
2021-09-06T15:21:48.699;2021-09-06T15:21:52.602;214987587;8615
2021-09-06T15:21:52.603;2021-09-06T15:21:54.607;971090478;8615
2021-09-06T15:21:54.608;2021-09-06T15:21:57.707;214987587;8615
2021-09-06T15:21:57.708;2021-09-06T15:21:59.706;971090478;8615
2021-09-06T15:21:59.707;2021-09-06T15:22:00.707;214987587;8615
2021-09-06T15:22:00.708;2021-09-06T15:22:02.706;971090478;8615
2021-09-06T15:22:02.707;2021-09-06T15:22:03.708;214987587;8615
2021-09-06T15:22:03.709;2021-09-06T15:22:06.707;971090478;8615
2021-09-06T15:22:06.708;2021-09-06T15:22:07.707;214987587;8615
2021-09-06T15:22:07.708;2021-09-06T15:22:14.706;971090478;8615
2021-09-06T15:22:14.707;2021-09-06T15:22:15.718;214987587;8615
2021-09-06T15:22:15.719;2021-09-06T15:22:17.718;971090478;8615
2021-09-06T15:22:17.719;2021-09-06T15:22:19.719;214987587;8615
2021-09-06T15:22:19.720;2021-09-06T15:23:50.758;971090478;8615
2021-09-06T15:23:50.759;2021-09-06T15:25:08.815;784424629;8615
2021-09-06T15:25:08.816;2021-09-06T15:28:50.956;779300422;8615
2021-09-06T15:28:50.957;2021-09-06T15:28:53.955;662262905;8615
2021-09-06T15:28:53.956;2021-09-06T15:29:24.955;784424629;8615
2021-09-06T15:29:24.956;2021-09-06T15:30:00.097;943491172;8615
2021-09-06T15:30:00.098;2021-09-06T15:30:04.097;784424629;8615
2021-09-06T15:30:04.098;2021-09-06T15:34:31.177;985368277;8615
2021-09-06T15:34:31.178;2021-09-06T15:34:33.165;214987587;8615
2021-09-06T15:34:33.166;2021-09-06T15:40:57.534;943491172;8615
2021-09-06T15:40:57.535;2021-09-06T15:41:35.568;634309799;8615
2021-09-06T15:41:35.569;2021-09-06T15:42:26.453;943491172;8615
2021-09-06T15:42:26.454;2021-09-06T15:42:27.573;634309799;8615
2021-09-06T15:42:27.574;2021-09-06T15:42:29.705;324325694;8615
2021-09-06T15:42:29.706;2021-09-06T15:42:31.705;662262905;8615
2021-09-06T15:42:31.706;2021-09-06T15:44:35.487;779300422;8615
2021-09-06T15:44:35.488;2021-09-06T15:44:41.314;634309799;8615
2021-09-06T15:44:41.315;2021-09-06T15:44:49.819;779300422;8615
2021-09-06T15:44:49.820;2021-09-06T15:45:37.827;943491172;8615
2021-09-06T15:45:37.828;2021-09-06T15:45:44.494;971090478;8615
2021-09-06T15:45:44.495;2021-09-06T15:46:21.768;214987587;8615
2021-09-06T15:46:21.769;2021-09-06T15:47:18.828;985368277;8615
2021-09-06T15:47:18.829;2021-09-06T15:47:21.819;177373847;8615
2021-09-06T15:47:21.820;2021-09-06T15:48:30.062;779300422;8615
2021-09-06T15:48:30.063;2021-09-06T15:48:39.063;971090478;8615
2021-09-06T15:48:39.064;2021-09-06T15:52:51.026;779300422;8615
2021-09-06T15:52:51.027;2021-09-06T15:52:52.266;177373847;8615
2021-09-06T15:52:52.267;2021-09-06T15:54:49.261;784424629;8615
2021-09-06T15:54:49.262;2021-09-06T15:55:08.292;177373847;8615
2021-09-06T15:55:08.293;2021-09-06T15:57:26.567;784424629;8615
2021-09-06T15:57:26.568;2021-09-06T15:57:38.578;214987587;8615
2021-09-06T15:57:38.579;2021-09-06T15:57:40.584;985368277;8615
2021-09-06T15:57:40.585;2021-09-06T15:57:42.564;214987587;8615
2021-09-06T15:57:42.565;2021-09-06T15:57:43.592;985368277;8615
2021-09-06T15:57:43.593;2021-09-06T15:58:59.644;214987587;8615
2021-09-06T15:58:59.645;2021-09-06T15:59:04.643;985368277;8615
2021-09-06T15:59:04.644;2021-09-06T15:59:44.645;784424629;8615
2021-09-06T15:59:44.646;2021-09-06T15:59:48.644;985368277;8615
2021-09-06T15:59:48.645;2021-09-06T16:00:00.604;214987587;8615
2021-09-06T16:00:00.605;2021-09-06T16:00:01.644;985368277;8615
2021-09-06T16:00:01.645;2021-09-06T16:00:16.651;214987587;8615
2021-09-06T16:00:16.652;2021-09-06T16:00:17.756;985368277;8615
2021-09-06T16:00:17.757;2021-09-06T16:01:04.746;214987587;8615
2021-09-06T16:01:04.747;2021-09-06T16:01:55.595;784424629;8615
2021-09-06T16:01:55.596;2021-09-06T16:04:22.678;779300422;8615
2021-09-06T16:04:22.679;2021-09-06T16:05:03.978;784424629;8615
2021-09-06T16:05:03.979;2021-09-06T16:09:09.312;214987587;8615
2021-09-06T16:09:09.313;2021-09-06T16:09:20.335;971090478;8615
2021-09-06T16:09:20.336;2021-09-06T16:09:49.255;784424629;8615
2021-09-06T16:09:49.256;2021-09-06T16:10:16.243;779300422;8615
2021-09-06T16:10:16.244;2021-09-06T16:10:54.417;654063743;8615
2021-09-06T16:10:54.418;2021-09-06T16:17:00.779;779300422;8615
2021-09-06T16:17:00.780;2021-09-06T16:17:01.788;177373847;8615
2021-09-06T16:17:01.789;2021-09-06T16:24:25.162;784424629;8615
2021-09-06T16:24:25.163;2021-09-06T16:25:54.942;779300422;8615
2021-09-06T16:25:54.943;2021-09-06T16:25:56.201;403562892;8615
2021-09-06T16:25:56.202;2021-09-06T16:28:03.248;784424629;8615
2021-09-06T16:28:03.249;2021-09-06T16:28:07.239;971090478;8615
2021-09-06T16:28:07.240;2021-09-06T16:28:46.332;943491172;8615
2021-09-06T16:28:46.333;2021-09-06T16:29:34.351;784424629;8615
2021-09-06T16:29:34.352;2021-09-06T16:29:38.333;943491172;8615
2021-09-06T16:29:38.334;2021-09-06T16:39:33.653;784424629;8615
2021-09-06T16:39:33.654;2021-09-06T16:39:42.654;985368277;8615
2021-09-06T16:39:42.655;2021-09-06T16:39:48.654;784424629;8615
2021-09-06T16:39:48.655;2021-09-06T16:40:12.067;985368277;8615
2021-09-06T16:40:12.068;2021-09-06T16:42:24.674;784424629;8615
2021-09-06T16:42:24.675;2021-09-06T16:43:03.834;985368277;8615
2021-09-06T16:43:03.835;2021-09-06T16:44:00.834;214987587;8615
2021-09-06T16:44:00.835;2021-09-06T16:44:33.841;985368277;8615
2021-09-06T16:44:33.842;2021-09-06T16:45:13.093;805668144;8615
2021-09-06T16:45:13.094;2021-09-06T16:45:19.097;779300422;8615
2021-09-06T16:45:19.098;2021-09-06T16:45:21.718;177373847;8615
2021-09-06T16:45:21.719;2021-09-06T16:47:46.029;784424629;8615
2021-09-06T16:47:46.030;2021-09-06T16:47:47.073;985368277;8615
2021-09-06T16:47:47.074;2021-09-06T16:47:50.046;784424629;8615
2021-09-06T16:47:50.047;2021-09-06T16:47:53.078;985368277;8615
2021-09-06T16:47:53.079;2021-09-06T16:49:19.046;784424629;8615
2021-09-06T16:49:19.047;2021-09-06T16:50:13.125;985368277;8615
2021-09-06T16:50:13.126;2021-09-06T16:50:44.141;971090478;8615
2021-09-06T16:50:44.142;2021-09-06T16:50:46.134;985368277;8615
2021-09-06T16:50:46.135;2021-09-06T16:50:59.111;971090478;8615
2021-09-06T16:50:59.112;2021-09-06T16:51:01.121;214987587;8615
2021-09-06T16:51:01.122;2021-09-06T16:51:30.211;971090478;8615
2021-09-06T16:51:30.212;2021-09-06T16:51:32.133;985368277;8615
2021-09-06T16:51:32.134;2021-09-06T16:51:33.221;971090478;8615
2021-09-06T16:51:33.222;2021-09-06T16:51:37.209;985368277;8615
2021-09-06T16:51:37.210;2021-09-06T16:51:39.129;971090478;8615
2021-09-06T16:51:39.130;2021-09-06T16:51:43.007;985368277;8615
2021-09-06T16:51:43.008;2021-09-06T16:51:44.221;971090478;8615
2021-09-06T16:51:44.222;2021-09-06T16:51:47.141;985368277;8615
2021-09-06T16:51:47.142;2021-09-06T16:51:49.122;971090478;8615
2021-09-06T16:51:49.123;2021-09-06T16:52:44.015;985368277;8615
2021-09-06T16:52:44.016;2021-09-06T16:53:05.241;971090478;8615
2021-09-06T16:53:05.242;2021-09-06T16:53:08.142;985368277;8615
2021-09-06T16:53:08.143;2021-09-06T16:53:24.232;971090478;8615
2021-09-06T16:53:24.233;2021-09-06T16:56:02.181;985368277;8615
2021-09-06T16:56:02.182;2021-09-06T16:56:29.197;784424629;8615
2021-09-06T16:56:29.198;2021-09-06T16:56:47.272;985368277;8615
2021-09-06T16:56:47.273;2021-09-06T17:00:32.595;784424629;8615
2021-09-06T17:00:32.596;2021-09-06T17:01:05.669;985368277;8615
2021-09-06T17:01:05.670;2021-09-06T17:01:09.658;971090478;8615
2021-09-06T17:01:09.659;2021-09-06T17:01:16.324;214987587;8615
2021-09-06T17:01:16.325;2021-09-06T17:01:20.275;971090478;8615
2021-09-06T17:01:20.276;2021-09-06T17:01:21.275;214987587;8615
2021-09-06T17:01:21.276;2021-09-06T17:01:26.334;971090478;8615
2021-09-06T17:01:26.335;2021-09-06T17:01:35.336;214987587;8615
2021-09-06T17:01:35.337;2021-09-06T17:03:10.131;784424629;8615
2021-09-06T17:03:33.986;2021-09-06T17:04:12.986;403562892;8615
2021-09-06T17:04:12.987;2021-09-06T17:04:40.622;784424629;8615
2021-09-06T17:04:40.623;2021-09-06T17:04:45.862;403562892;8615
2021-09-06T17:04:45.863;2021-09-06T17:04:47.154;784424629;8615
2021-09-06T17:04:47.155;2021-09-06T17:04:48.931;403562892;8615
2021-09-06T17:04:48.932;2021-09-06T17:04:52.127;784424629;8615
2021-09-06T17:04:52.128;2021-09-06T17:04:57.000;403562892;8615
2021-09-06T17:04:57.001;2021-09-06T17:09:26.585;784424629;8615
2021-09-06T17:08:02.994;2021-09-06T17:08:08.643;784424629;8615
2021-09-06T17:08:08.644;2021-09-06T17:08:11.845;403562892;8615
2021-09-06T17:08:11.846;2021-09-06T17:08:12.901;784424629;8615
2021-09-06T17:08:12.902;2021-09-06T17:08:13.916;403562892;8615
2021-09-06T17:08:13.917;2021-09-06T17:10:49.031;784424629;8615
2021-09-06T17:08:49.978;2021-09-06T17:11:00.019;784424629;8615
2021-09-06T17:11:00.020;2021-09-06T17:11:46.001;985368277;8615
2021-09-06T17:11:46.002;2021-09-06T17:13:01.089;784424629;8615
2021-09-06T17:13:01.090;2021-09-06T17:13:41.143;943491172;8615
2021-09-06T17:13:41.144;2021-09-06T17:15:47.064;784424629;8615
2021-09-06T17:15:47.065;2021-09-06T17:15:48.171;662262905;8615
2021-09-06T17:15:48.172;2021-09-06T17:15:50.183;805668144;8615
2021-09-06T17:15:50.184;2021-09-06T17:17:00.188;662262905;8615
2021-09-06T17:17:00.189;2021-09-06T17:17:03.062;805668144;8615
2021-09-06T17:17:03.063;2021-09-06T17:18:24.387;784424629;8615
2021-09-06T17:17:38.750;2021-09-06T17:20:18.508;662262905;8615
2021-09-06T17:17:56.970;2021-09-06T17:20:27.956;662262905;8615
2021-09-06T17:19:02.289;2021-09-06T17:22:16.161;662262905;8615
2021-09-06T17:22:16.162;2021-09-06T17:22:18.145;779300422;8615
2021-09-06T17:22:18.146;2021-09-06T17:22:19.156;662262905;8615
2021-09-06T17:22:19.157;2021-09-06T17:22:21.153;779300422;8615
2021-09-06T17:22:21.154;2021-09-06T17:22:23.165;662262905;8615
2021-09-06T17:22:23.166;2021-09-06T17:22:51.232;779300422;8615
2021-09-06T17:22:51.233;2021-09-06T17:22:55.128;177373847;8615
2021-09-06T17:22:55.129;2021-09-06T17:23:03.054;784424629;8615
2021-09-06T17:23:03.055;2021-09-06T17:23:06.054;985368277;8615
2021-09-06T17:23:06.055;2021-09-06T17:24:11.616;784424629;8615
2021-09-06T17:23:23.326;2021-09-06T17:23:24.416;985368277;8615
2021-09-06T17:23:24.417;2021-09-06T17:23:27.765;784424629;8615
2021-09-06T17:23:27.766;2021-09-06T17:23:28.776;985368277;8615
2021-09-06T17:23:28.777;2021-09-06T17:26:04.472;784424629;8615
2021-09-06T17:23:36.559;2021-09-06T17:24:09.885;784424629;8615
2021-09-06T17:24:09.886;2021-09-06T17:24:20.134;214987587;8615
2021-09-06T17:24:20.135;2021-09-06T17:24:39.233;985368277;8615
2021-09-06T17:24:39.234;2021-09-06T17:24:52.096;784424629;8615
2021-09-06T17:24:52.097;2021-09-06T17:24:56.467;985368277;8615
2021-09-06T17:24:56.468;2021-09-06T17:28:07.081;784424629;8615
2021-09-06T17:28:07.082;2021-09-06T17:30:50.625;971090478;8615
2021-09-06T17:30:50.626;2021-09-06T17:30:53.613;784424629;8615
2021-09-06T17:30:53.614;2021-09-06T17:30:59.605;971090478;8615
2021-09-06T17:30:59.606;2021-09-06T17:31:30.627;784424629;8615
2021-09-06T17:31:30.628;2021-09-06T17:32:35.971;971090478;8615
2021-09-06T17:32:54.695;2021-09-06T17:33:05.173;214987587;8615
2021-09-06T17:33:05.174;2021-09-06T17:33:08.314;971090478;8615
2021-09-06T17:33:08.315;2021-09-06T17:34:07.554;943491172;8615
2021-09-06T17:34:07.555;2021-09-06T17:35:25.627;214987587;8615
2021-09-06T17:34:24.567;2021-09-06T17:37:03.067;971090478;8615
2021-09-06T17:34:34.867;2021-09-06T17:37:11.602;971090478;8615
2021-09-06T17:34:47.054;2021-09-06T17:37:00.431;971090478;8615
2021-09-06T17:37:00.432;2021-09-06T17:37:01.434;784424629;8615
2021-09-06T17:37:01.435;2021-09-06T17:40:15.704;943491172;8615
2021-09-06T17:40:15.705;2021-09-06T17:40:20.744;784424629;8615
2021-09-06T17:40:20.745;2021-09-06T17:40:48.714;971090478;8615
2021-09-06T17:40:48.715;2021-09-06T17:42:19.091;943491172;8615
2021-09-06T17:42:19.092;2021-09-06T17:42:21.758;784424629;8615
2021-09-06T17:42:21.759;2021-09-06T17:42:47.911;971090478;8615
2021-09-06T17:42:47.912;2021-09-06T17:43:09.903;214987587;8615
2021-09-06T17:43:09.904;2021-09-06T17:43:19.938;971090478;8615
2021-09-06T17:43:19.939;2021-09-06T17:43:30.917;985368277;8615
2021-09-06T17:43:30.918;2021-09-06T17:43:31.925;971090478;8615
2021-09-06T17:43:31.926;2021-09-06T17:43:32.095;784424629;8615
2021-09-06T17:43:32.096;2021-09-06T17:44:25.915;943491172;8615
2021-09-06T17:44:25.916;2021-09-06T17:44:33.982;971090478;8615
2021-09-06T17:44:33.983;2021-09-06T17:46:18.065;784424629;8615
2021-09-06T17:46:18.066;2021-09-06T17:46:26.062;779300422;8615
2021-09-06T17:46:26.063;2021-09-06T17:46:28.055;662262905;8615
2021-09-06T17:46:28.056;2021-09-06T17:46:29.064;779300422;8615
2021-09-06T17:46:29.065;2021-09-06T17:46:36.055;662262905;8615
2021-09-06T17:46:36.056;2021-09-06T17:47:43.011;779300422;8615
2021-09-06T17:47:43.012;2021-09-06T17:47:50.057;662262905;8615
2021-09-06T17:47:50.058;2021-09-06T17:47:55.115;324325694;8615
2021-09-06T17:47:55.116;2021-09-06T17:48:07.012;634309799;8615
2021-09-06T17:48:07.013;2021-09-06T17:48:16.127;324325694;8615
2021-09-06T17:48:16.128;2021-09-06T17:49:47.014;662262905;8615
2021-09-06T17:49:47.015;2021-09-06T17:50:21.018;324325694;8615
2021-09-06T17:50:21.019;2021-09-06T17:51:13.177;634309799;8615
2021-09-06T17:51:13.178;2021-09-06T17:51:18.024;324325694;8615
2021-09-06T17:51:18.025;2021-09-06T17:51:23.246;634309799;8615
2021-09-06T17:51:23.247;2021-09-06T17:51:42.259;324325694;8615
2021-09-06T17:51:42.260;2021-09-06T17:53:01.307;805668144;8615
2021-09-06T17:53:01.308;2021-09-06T17:53:11.299;634309799;8615
2021-09-06T17:53:11.300;2021-09-06T17:53:37.299;784424629;8615
2021-09-06T17:53:37.300;2021-09-06T17:53:46.268;943491172;8615
2021-09-06T17:53:46.269;2021-09-06T17:53:52.267;403562892;8615
2021-09-06T17:53:52.268;2021-09-06T17:56:45.414;784424629;8615
2021-09-06T17:56:45.415;2021-09-06T17:56:52.451;985368277;8615
2021-09-06T17:56:52.452;2021-09-06T17:57:35.404;784424629;8615
2021-09-06T17:57:35.405;2021-09-06T17:59:33.577;985368277;8615
2021-09-06T17:59:33.578;2021-09-06T18:00:15.576;784424629;8615
2021-09-06T18:00:15.577;2021-09-06T18:01:25.636;985368277;8615
2021-09-06T18:01:25.637;2021-09-06T18:01:32.492;784424629;8615
2021-09-06T18:01:32.493;2021-09-06T18:01:35.645;985368277;8615
2021-09-06T18:01:35.646;2021-09-06T18:01:45.636;784424629;8615
2021-09-06T18:01:45.637;2021-09-06T18:02:29.685;985368277;8615
2021-09-06T18:02:29.686;2021-09-06T18:02:34.644;784424629;8615
2021-09-06T18:02:34.645;2021-09-06T18:02:37.685;177373847;8615
2021-09-06T18:02:37.686;2021-09-06T18:03:20.676;784424629;8615
2021-09-06T18:03:20.677;2021-09-06T18:03:44.664;985368277;8615
2021-09-06T18:03:44.665;2021-09-06T18:03:49.584;784424629;8615
2021-09-06T18:03:49.585;2021-09-06T18:03:59.082;779300422;8615
2021-09-06T18:03:59.083;2021-09-06T18:04:34.296;784424629;8615
2021-09-06T18:04:34.297;2021-09-06T18:08:38.071;214987587;8615
2021-09-06T18:08:38.072;2021-09-06T18:08:40.071;985368277;8615
2021-09-06T18:08:40.072;2021-09-06T18:08:47.071;214987587;8615
2021-09-06T18:08:47.072;2021-09-06T18:08:55.231;985368277;8615
2021-09-06T18:08:55.232;2021-09-06T18:11:44.239;214987587;8615
2021-09-06T18:11:44.240;2021-09-06T18:12:20.379;779300422;8615
2021-09-06T18:12:20.380;2021-09-06T18:12:53.447;784424629;8615
2021-09-06T18:12:53.448;2021-09-06T18:14:45.058;214987587;8615
2021-09-06T18:14:45.059;2021-09-06T18:15:19.045;985368277;8615
2021-09-06T18:15:19.046;2021-09-06T18:16:14.064;214987587;8615
2021-09-06T18:16:14.065;2021-09-06T18:16:40.763;985368277;8615
2021-09-06T18:16:40.764;2021-09-06T18:16:44.771;214987587;8615
2021-09-06T18:16:44.772;2021-09-06T18:16:48.651;985368277;8615
2021-09-06T18:16:48.652;2021-09-06T18:17:46.771;214987587;8615
2021-09-06T18:17:46.772;2021-09-06T18:18:33.062;985368277;8615
2021-09-06T18:18:33.063;2021-09-06T18:18:36.619;214987587;8615
2021-09-06T18:18:36.620;2021-09-06T18:18:38.786;985368277;8615
2021-09-06T18:18:38.787;2021-09-06T18:19:56.632;214987587;8615
2021-09-06T18:19:56.633;2021-09-06T18:20:57.653;985368277;8615
2021-09-06T18:20:57.654;2021-09-06T18:23:01.033;214987587;8615
2021-09-06T18:23:01.034;2021-09-06T18:23:05.012;985368277;8615
2021-09-06T18:23:05.013;2021-09-06T18:23:47.032;214987587;8615
2021-09-06T18:23:47.033;2021-09-06T18:26:31.148;985368277;8615
2021-09-06T18:26:31.149;2021-09-06T18:27:12.243;214987587;8615
2021-09-06T18:27:12.244;2021-09-06T18:27:18.263;985368277;8615
2021-09-06T18:27:18.264;2021-09-06T18:27:28.276;214987587;8615
2021-09-06T18:27:28.277;2021-09-06T18:43:16.317;985368277;8615
2021-09-06T18:43:16.318;2021-09-06T18:43:18.317;784424629;8615
2021-09-06T18:43:18.318;2021-09-06T18:43:23.309;985368277;8615
2021-09-06T18:43:23.310;2021-09-06T18:44:05.349;784424629;8615
2021-09-06T18:44:05.350;2021-09-06T18:44:07.361;985368277;8615
2021-09-06T18:44:07.362;2021-09-06T18:44:41.373;784424629;8615
2021-09-06T18:44:41.374;2021-09-06T18:46:25.369;985368277;8615
2021-09-06T18:46:25.370;2021-09-06T18:47:05.041;784424629;8615
2021-09-06T18:47:05.042;2021-09-06T18:50:06.689;985368277;8615
2021-09-06T18:50:06.690;2021-09-06T18:51:27.079;784424629;8615
2021-09-06T18:51:27.080;2021-09-06T18:52:06.809;985368277;8615
2021-09-06T18:52:06.810;2021-09-06T18:53:08.898;784424629;8615
2021-09-06T18:53:08.899;2021-09-06T18:54:14.978;214987587;8615
2021-09-06T18:54:14.979;2021-09-06T18:55:01.974;985368277;8615
2021-09-06T18:55:01.975;2021-09-06T18:55:29.987;214987587;8615
2021-09-06T18:55:29.988;2021-09-06T18:55:45.994;985368277;8615
2021-09-06T18:55:45.995;2021-09-06T18:55:49.058;214987587;8615
2021-09-06T18:55:49.059;2021-09-06T18:55:53.989;985368277;8615
2021-09-06T18:55:53.990;2021-09-06T18:58:11.012;214987587;8615
2021-09-06T18:58:11.013;2021-09-06T18:58:35.157;971090478;8615
2021-09-06T18:58:35.158;2021-09-06T18:59:49.042;214987587;8615
2021-09-06T18:59:49.043;2021-09-06T18:59:52.303;971090478;8615
2021-09-06T18:59:52.304;2021-09-06T19:12:01.913;214987587;8615
2021-09-06T19:12:01.914;2021-09-06T19:12:04.005;943491172;8615
2021-09-06T19:12:04.006;2021-09-06T19:12:13.985;214987587;8615
2021-09-06T19:12:13.986;2021-09-06T19:14:57.097;943491172;8615
2021-09-06T19:14:57.098;2021-09-06T19:15:31.094;214987587;8615
2021-09-06T19:15:31.095;2021-09-06T19:16:06.121;943491172;8615
2021-09-06T19:16:06.122;2021-09-06T19:16:12.077;784424629;8615
2021-09-06T19:16:12.078;2021-09-06T19:19:25.193;214987587;8615
2021-09-06T19:19:25.194;2021-09-06T19:19:26.193;985368277;8615
2021-09-06T19:19:26.194;2021-09-06T19:19:27.195;177373847;8615
2021-09-06T19:19:27.196;2021-09-06T19:22:03.385;779300422;8615
2021-09-06T19:22:03.386;2021-09-06T19:22:04.423;177373847;8615
2021-09-06T19:22:04.424;2021-09-06T19:22:46.424;784424629;8615
2021-09-06T19:22:46.425;2021-09-06T19:22:48.245;985368277;8615
2021-09-06T19:22:48.246;2021-09-06T19:22:49.245;214987587;8615
2021-09-06T19:22:49.246;2021-09-06T19:24:13.467;985368277;8615
2021-09-06T19:24:13.468;2021-09-06T19:24:17.388;214987587;8615
2021-09-06T19:24:17.389;2021-09-06T19:25:25.437;985368277;8615
2021-09-06T19:25:25.438;2021-09-06T19:26:18.417;214987587;8615
2021-09-06T19:26:18.418;2021-09-06T19:26:42.605;985368277;8615
2021-09-06T19:26:42.606;2021-09-06T19:33:55.807;214987587;8615
2021-09-06T19:33:55.808;2021-09-06T19:34:52.933;985368277;8615
2021-09-06T19:34:52.934;2021-09-06T19:35:29.793;214987587;8615
2021-09-06T19:35:29.794;2021-09-06T19:37:48.012;985368277;8615
2021-09-06T19:37:48.013;2021-09-06T19:38:21.117;784424629;8615
2021-09-06T19:38:21.118;2021-09-06T19:39:02.138;985368277;8615
2021-09-06T19:39:02.139;2021-09-06T19:39:45.217;784424629;8615
2021-09-06T19:39:45.218;2021-09-06T19:39:50.014;985368277;8615
2021-09-06T19:39:50.015;2021-09-06T19:43:11.345;214987587;8615
2021-09-06T19:43:11.346;2021-09-06T19:43:13.357;971090478;8615
2021-09-06T19:43:13.358;2021-09-06T19:44:05.405;985368277;8615
2021-09-06T19:44:05.406;2021-09-06T19:45:46.398;779300422;8615
2021-09-06T19:45:46.399;2021-09-06T19:46:16.407;654063743;8615
2021-09-06T19:46:16.408;2021-09-06T19:49:15.535;779300422;8615
2021-09-06T19:49:15.536;2021-09-06T19:49:26.514;177373847;8615
2021-09-06T19:49:26.515;2021-09-06T19:49:43.733;784424629;8615
2021-09-06T19:49:43.734;2021-09-06T19:49:45.693;985368277;8615
2021-09-06T19:49:45.694;2021-09-06T19:49:51.705;784424629;8615
2021-09-06T19:49:51.706;2021-09-06T19:49:54.705;985368277;8615
2021-09-06T19:49:54.706;2021-09-06T19:51:06.693;784424629;8615
2021-09-06T19:51:06.694;2021-09-06T19:51:09.768;177373847;8615
2021-09-06T19:51:09.769;2021-09-06T19:51:13.685;779300422;8615
2021-09-06T19:51:13.686;2021-09-06T19:51:16.707;177373847;8615
2021-09-06T19:51:16.708;2021-09-06T19:51:19.693;779300422;8615
2021-09-06T19:51:19.694;2021-09-06T19:51:20.713;177373847;8615
2021-09-06T19:51:20.714;2021-09-06T19:51:26.707;784424629;8615
2021-09-06T19:51:26.708;2021-09-06T19:51:29.697;779300422;8615
2021-09-06T19:51:29.698;2021-09-06T19:51:35.693;662262905;8615
